category,comment/name,DOI,units,temperature,cation1,cation2,cation3,cation4,anion1,anion2,anion3,anion4,solvent1,solvent2,solvent3,solvent4,cation1_conc,cation2_conc,cation3_conc,cation4_conc,anion1_conc,anion2_conc,anion3_conc,anion4_conc,solvent1_ratio,solvent2_ratio,solvent3_ratio,solvent4_ratio
random,random-1-minT-highconc,,mass,295.05,Hg+2,In+3,C4H12N+,,OH-,,,,H2O,CCl4,C3H4O3,C4H8O3,0.02135342832335673,0.02135342832335673,0.02135342832335673,0.12812056994014037,0.12812056994014037,,,,3.0,1.0,4.0,3.0
random,random-1-maxT-highconc,,mass,405.27863636363634,Hg+2,In+3,C4H12N+,,OH-,,,,H2O,CCl4,C3H4O3,C4H8O3,0.02135342832335673,0.02135342832335673,0.02135342832335673,0.12812056994014037,0.12812056994014037,,,,3.0,1.0,4.0,3.0
random,random-1-minT-lowconc,,mass,295.05,Hg+2,In+3,C4H12N+,,OH-,,,,H2O,CCl4,C3H4O3,C4H8O3,0.010046949128822166,0.010046949128822166,0.010046949128822166,0.06028169477293299,0.06028169477293299,,,,3.0,1.0,4.0,3.0
random,random-1-maxT-lowconc,,mass,405.27863636363634,Hg+2,In+3,C4H12N+,,OH-,,,,H2O,CCl4,C3H4O3,C4H8O3,0.010046949128822166,0.010046949128822166,0.010046949128822166,0.06028169477293299,0.06028169477293299,,,,3.0,1.0,4.0,3.0
random,random-2-minT-highconc,,mass,210.0,Fe+2,Mn+2,Zn+2,Cu+2,C9H18NO-,C6H2O4-2,NO3-,,CH3NO2,C3H6O,,,0.017470986810019146,0.017470986810019146,0.017470986810019146,0.017470986810019146,0.08735493405009573,0.017470986810019146,0.017470986810019146,,1.0,2.0,,
random,random-2-maxT-highconc,,mass,326.8633333333333,Fe+2,Mn+2,Zn+2,Cu+2,C9H18NO-,C6H2O4-2,NO3-,,CH3NO2,C3H6O,,,0.017470986810019146,0.017470986810019146,0.017470986810019146,0.017470986810019146,0.08735493405009573,0.017470986810019146,0.017470986810019146,,1.0,2.0,,
random,random-2-minT-lowconc,,mass,210.0,Fe+2,Mn+2,Zn+2,Cu+2,C9H18NO-,C6H2O4-2,NO3-,,CH3NO2,C3H6O,,,0.008220231105399954,0.008220231105399954,0.008220231105399954,0.008220231105399954,0.04110115552699977,0.008220231105399954,0.008220231105399954,,1.0,2.0,,
random,random-2-maxT-lowconc,,mass,326.8633333333333,Fe+2,Mn+2,Zn+2,Cu+2,C9H18NO-,C6H2O4-2,NO3-,,CH3NO2,C3H6O,,,0.008220231105399954,0.008220231105399954,0.008220231105399954,0.008220231105399954,0.04110115552699977,0.008220231105399954,0.008220231105399954,,1.0,2.0,,
random,random-3-minT-highconc,,mass,239.4,C9H20N+piper,,,,C6H18NSi2-,F6P-,,,C4H11NO,,,,0.09609042745510529,0.048045213727552646,0.048045213727552646,,0.048045213727552646,0.048045213727552646,,,1.0,,,
random,random-3-maxT-highconc,,mass,371.45,C9H20N+piper,,,,C6H18NSi2-,F6P-,,,C4H11NO,,,,0.09609042745510529,0.048045213727552646,0.048045213727552646,,0.048045213727552646,0.048045213727552646,,,1.0,,,
random,random-3-minT-lowconc,,mass,239.4,C9H20N+piper,,,,C6H18NSi2-,F6P-,,,C4H11NO,,,,0.045211271079699744,0.022605635539849872,0.022605635539849872,,0.022605635539849872,0.022605635539849872,,,1.0,,,
random,random-3-maxT-lowconc,,mass,371.45,C9H20N+piper,,,,C6H18NSi2-,F6P-,,,C4H11NO,,,,0.045211271079699744,0.022605635539849872,0.022605635539849872,,0.022605635539849872,0.022605635539849872,,,1.0,,,
random,random-4-minT-highconc,,mass,171.38625000000002,Ag+,Ba+2,,,O4P-3,,,,C3H6O,C6H15N,,,0.1098176313772632,0.0274544078443158,0.0549088156886316,,0.0549088156886316,,,,1.0,3.0,,
random,random-4-maxT-highconc,,mass,336.0625,Ag+,Ba+2,,,O4P-3,,,,C3H6O,C6H15N,,,0.1098176313772632,0.0274544078443158,0.0549088156886316,,0.0549088156886316,,,,1.0,3.0,,
random,random-4-minT-lowconc,,mass,171.38625000000002,Ag+,Ba+2,,,O4P-3,,,,C3H6O,C6H15N,,,0.051670024091085426,0.012917506022771356,0.025835012045542713,,0.025835012045542713,,,,1.0,3.0,,
random,random-4-maxT-lowconc,,mass,336.0625,Ag+,Ba+2,,,O4P-3,,,,C3H6O,C6H15N,,,0.051670024091085426,0.012917506022771356,0.025835012045542713,,0.025835012045542713,,,,1.0,3.0,,
random,random-5-minT-highconc,,mass,262.79400000000004,Hg+2,Zn+2,Ti+,Ca+2,ClO4-,C6H18NSi2-,BH4-,,CCl4,C6H18N3OP,C4H8O2,,0.017470986810019146,0.017470986810019146,0.017470986810019146,0.017470986810019146,0.08735493405009573,0.017470986810019146,0.017470986810019146,,2.0,2.0,1.0,
random,random-5-maxT-highconc,,mass,391.30499999999995,Hg+2,Zn+2,Ti+,Ca+2,ClO4-,C6H18NSi2-,BH4-,,CCl4,C6H18N3OP,C4H8O2,,0.017470986810019146,0.017470986810019146,0.017470986810019146,0.017470986810019146,0.08735493405009573,0.017470986810019146,0.017470986810019146,,2.0,2.0,1.0,
random,random-5-minT-lowconc,,mass,262.79400000000004,Hg+2,Zn+2,Ti+,Ca+2,ClO4-,C6H18NSi2-,BH4-,,CCl4,C6H18N3OP,C4H8O2,,0.008220231105399954,0.008220231105399954,0.008220231105399954,0.008220231105399954,0.04110115552699977,0.008220231105399954,0.008220231105399954,,2.0,2.0,1.0,
random,random-5-maxT-lowconc,,mass,391.30499999999995,Hg+2,Zn+2,Ti+,Ca+2,ClO4-,C6H18NSi2-,BH4-,,CCl4,C6H18N3OP,C4H8O2,,0.008220231105399954,0.008220231105399954,0.008220231105399954,0.008220231105399954,0.04110115552699977,0.008220231105399954,0.008220231105399954,,2.0,2.0,1.0,
random,random-6-minT-highconc,,mass,234.423,Ca+2,H4N+,,,F2NO4S2-,,,,C4H5F3O2,CH2Cl2,,,0.03843617098204212,0.03843617098204212,0.11530851294612635,,0.11530851294612635,,,,4.0,1.0,,
random,random-6-maxT-highconc,,mass,325.39399999999995,Ca+2,H4N+,,,F2NO4S2-,,,,C4H5F3O2,CH2Cl2,,,0.03843617098204212,0.03843617098204212,0.11530851294612635,,0.11530851294612635,,,,4.0,1.0,,
random,random-6-minT-lowconc,,mass,234.423,Ca+2,H4N+,,,F2NO4S2-,,,,C4H5F3O2,CH2Cl2,,,0.0180845084318799,0.0180845084318799,0.05425352529563969,,0.05425352529563969,,,,4.0,1.0,,
random,random-6-maxT-lowconc,,mass,325.39399999999995,Ca+2,H4N+,,,F2NO4S2-,,,,C4H5F3O2,CH2Cl2,,,0.0180845084318799,0.0180845084318799,0.05425352529563969,,0.05425352529563969,,,,4.0,1.0,,
random,random-7-minT-highconc,,mass,189.76999999999998,Hf+4,C6H11N2+,,,C2H5O-,CH3O-,I-,O4P-3,C2H6O,C4H6O3,,,0.0274544078443158,0.0549088156886316,0.0274544078443158,0.0274544078443158,0.0274544078443158,0.0274544078443158,0.0274544078443158,0.0274544078443158,2.0,1.0,,
random,random-7-maxT-highconc,,mass,385.38333333333327,Hf+4,C6H11N2+,,,C2H5O-,CH3O-,I-,O4P-3,C2H6O,C4H6O3,,,0.0274544078443158,0.0549088156886316,0.0274544078443158,0.0274544078443158,0.0274544078443158,0.0274544078443158,0.0274544078443158,0.0274544078443158,2.0,1.0,,
random,random-7-minT-lowconc,,mass,189.76999999999998,Hf+4,C6H11N2+,,,C2H5O-,CH3O-,I-,O4P-3,C2H6O,C4H6O3,,,0.012917506022771356,0.025835012045542713,0.012917506022771356,0.012917506022771356,0.012917506022771356,0.012917506022771356,0.012917506022771356,0.012917506022771356,2.0,1.0,,
random,random-7-maxT-lowconc,,mass,385.38333333333327,Hf+4,C6H11N2+,,,C2H5O-,CH3O-,I-,O4P-3,C2H6O,C4H6O3,,,0.012917506022771356,0.025835012045542713,0.012917506022771356,0.012917506022771356,0.012917506022771356,0.012917506022771356,0.012917506022771356,0.012917506022771356,2.0,1.0,,
random,random-8-minT-highconc,,mass,335.39625,Cu+2,,,,C2H4O2-2,F6P-,C3H7O-,C2H3O2-,C9H18NO,C6H5NO2,C2H5NO,,0.06863601961078951,0.0137272039221579,0.06863601961078951,0.0274544078443158,0.0137272039221579,0.06863601961078951,0.0274544078443158,0.0137272039221579,1.5,1.0,1.5,
random,random-8-maxT-highconc,,mass,456.92625,Cu+2,,,,C2H4O2-2,F6P-,C3H7O-,C2H3O2-,C9H18NO,C6H5NO2,C2H5NO,,0.06863601961078951,0.0137272039221579,0.06863601961078951,0.0274544078443158,0.0137272039221579,0.06863601961078951,0.0274544078443158,0.0137272039221579,1.5,1.0,1.5,
random,random-8-minT-lowconc,,mass,335.39625,Cu+2,,,,C2H4O2-2,F6P-,C3H7O-,C2H3O2-,C9H18NO,C6H5NO2,C2H5NO,,0.032293765056928395,0.006458753011385678,0.032293765056928395,0.012917506022771356,0.006458753011385678,0.032293765056928395,0.012917506022771356,0.006458753011385678,1.5,1.0,1.5,
random,random-8-maxT-lowconc,,mass,456.92625,Cu+2,,,,C2H4O2-2,F6P-,C3H7O-,C2H3O2-,C9H18NO,C6H5NO2,C2H5NO,,0.032293765056928395,0.006458753011385678,0.032293765056928395,0.012917506022771356,0.006458753011385678,0.032293765056928395,0.012917506022771356,0.006458753011385678,1.5,1.0,1.5,
random,random-9-minT-highconc,,mass,283.34999999999997,Mn+2,H3O+,,,OH-,C4BO8-,F2NO4S2-,Br-,C6H18N3OP,C6H6,C3H8O3S,,0.0274544078443158,0.0549088156886316,0.0274544078443158,0.0274544078443158,0.0274544078443158,0.0274544078443158,0.0274544078443158,0.0274544078443158,1.0,2.0,4.0,
random,random-9-maxT-highconc,,mass,396.15,Mn+2,H3O+,,,OH-,C4BO8-,F2NO4S2-,Br-,C6H18N3OP,C6H6,C3H8O3S,,0.0274544078443158,0.0549088156886316,0.0274544078443158,0.0274544078443158,0.0274544078443158,0.0274544078443158,0.0274544078443158,0.0274544078443158,1.0,2.0,4.0,
random,random-9-minT-lowconc,,mass,283.34999999999997,Mn+2,H3O+,,,OH-,C4BO8-,F2NO4S2-,Br-,C6H18N3OP,C6H6,C3H8O3S,,0.012917506022771356,0.025835012045542713,0.012917506022771356,0.012917506022771356,0.012917506022771356,0.012917506022771356,0.012917506022771356,0.012917506022771356,1.0,2.0,4.0,
random,random-9-maxT-lowconc,,mass,396.15,Mn+2,H3O+,,,OH-,C4BO8-,F2NO4S2-,Br-,C6H18N3OP,C6H6,C3H8O3S,,0.012917506022771356,0.025835012045542713,0.012917506022771356,0.012917506022771356,0.012917506022771356,0.012917506022771356,0.012917506022771356,0.012917506022771356,1.0,2.0,4.0,
random,random-10-minT-highconc,,mass,238.14000000000001,H3O+,,,,CH3O-,C6H2O4-2,C6H18NSi2-,,C4H8O2-dioxane,C4H8O3,CH4O,C6H14O3,0.1098176313772632,0.0274544078443158,0.0274544078443158,0.0274544078443158,0.0274544078443158,0.0274544078443158,0.0274544078443158,,1.0,2.0,1.0,4.0
random,random-10-maxT-highconc,,mass,381.389375,H3O+,,,,CH3O-,C6H2O4-2,C6H18NSi2-,,C4H8O2-dioxane,C4H8O3,CH4O,C6H14O3,0.1098176313772632,0.0274544078443158,0.0274544078443158,0.0274544078443158,0.0274544078443158,0.0274544078443158,0.0274544078443158,,1.0,2.0,1.0,4.0
random,random-10-minT-lowconc,,mass,238.14000000000001,H3O+,,,,CH3O-,C6H2O4-2,C6H18NSi2-,,C4H8O2-dioxane,C4H8O3,CH4O,C6H14O3,0.051670024091085426,0.012917506022771356,0.012917506022771356,0.012917506022771356,0.012917506022771356,0.012917506022771356,0.012917506022771356,,1.0,2.0,1.0,4.0
random,random-10-maxT-lowconc,,mass,381.389375,H3O+,,,,CH3O-,C6H2O4-2,C6H18NSi2-,,C4H8O2-dioxane,C4H8O3,CH4O,C6H14O3,0.051670024091085426,0.012917506022771356,0.012917506022771356,0.012917506022771356,0.012917506022771356,0.012917506022771356,0.012917506022771356,,1.0,2.0,1.0,4.0
random,random-11-minT-highconc,,mass,296.07666666666665,Cs+,,,,C9H18NO-,C6H2O4-2,BC2F2O4-,,C2H4O4S,C2H6O,C4H6O3,,0.1098176313772632,0.0274544078443158,0.0274544078443158,0.0274544078443158,0.0274544078443158,0.0274544078443158,0.0274544078443158,,4.0,1.0,4.0,
random,random-11-maxT-highconc,,mass,458.42777777777775,Cs+,,,,C9H18NO-,C6H2O4-2,BC2F2O4-,,C2H4O4S,C2H6O,C4H6O3,,0.1098176313772632,0.0274544078443158,0.0274544078443158,0.0274544078443158,0.0274544078443158,0.0274544078443158,0.0274544078443158,,4.0,1.0,4.0,
random,random-11-minT-lowconc,,mass,296.07666666666665,Cs+,,,,C9H18NO-,C6H2O4-2,BC2F2O4-,,C2H4O4S,C2H6O,C4H6O3,,0.051670024091085426,0.012917506022771356,0.012917506022771356,0.012917506022771356,0.012917506022771356,0.012917506022771356,0.012917506022771356,,4.0,1.0,4.0,
random,random-11-maxT-lowconc,,mass,458.42777777777775,Cs+,,,,C9H18NO-,C6H2O4-2,BC2F2O4-,,C2H4O4S,C2H6O,C4H6O3,,0.051670024091085426,0.012917506022771356,0.012917506022771356,0.012917506022771356,0.012917506022771356,0.012917506022771356,0.012917506022771356,,4.0,1.0,4.0,
random,random-12-minT-highconc,,mass,240.45000000000002,Ag+2,C9H20N+piper,OV+2,,NO3-,F2O2P-,I-,,C6H5F,,,,0.024022606863776323,0.024022606863776323,0.024022606863776323,0.07206782059132898,0.07206782059132898,0.024022606863776323,0.024022606863776323,,1.0,,,
random,random-12-maxT-highconc,,mass,340.09999999999997,Ag+2,C9H20N+piper,OV+2,,NO3-,F2O2P-,I-,,C6H5F,,,,0.024022606863776323,0.024022606863776323,0.024022606863776323,0.07206782059132898,0.07206782059132898,0.024022606863776323,0.024022606863776323,,1.0,,,
random,random-12-minT-lowconc,,mass,240.45000000000002,Ag+2,C9H20N+piper,OV+2,,NO3-,F2O2P-,I-,,C6H5F,,,,0.011302817769924936,0.011302817769924936,0.011302817769924936,0.03390845330977481,0.03390845330977481,0.011302817769924936,0.011302817769924936,,1.0,,,
random,random-12-maxT-lowconc,,mass,340.09999999999997,Ag+2,C9H20N+piper,OV+2,,NO3-,F2O2P-,I-,,C6H5F,,,,0.011302817769924936,0.011302817769924936,0.011302817769924936,0.03390845330977481,0.03390845330977481,0.011302817769924936,0.011302817769924936,,1.0,,,
random,random-13-minT-highconc,,mass,282.105,V+3,C11H24N+,,,BH4-,C9H18NO-,,,C6H5NO2,C4H10O2,C3H7NO-dimethyl,,0.03203014248503509,0.03203014248503509,0.09609042745510529,0.03203014248503509,0.09609042745510529,0.03203014248503509,,,1.0,2.0,4.0,
random,random-13-maxT-highconc,,mass,422.8721428571428,V+3,C11H24N+,,,BH4-,C9H18NO-,,,C6H5NO2,C4H10O2,C3H7NO-dimethyl,,0.03203014248503509,0.03203014248503509,0.09609042745510529,0.03203014248503509,0.09609042745510529,0.03203014248503509,,,1.0,2.0,4.0,
random,random-13-minT-lowconc,,mass,282.105,V+3,C11H24N+,,,BH4-,C9H18NO-,,,C6H5NO2,C4H10O2,C3H7NO-dimethyl,,0.015070423693233248,0.015070423693233248,0.045211271079699744,0.015070423693233248,0.045211271079699744,0.015070423693233248,,,1.0,2.0,4.0,
random,random-13-maxT-lowconc,,mass,422.8721428571428,V+3,C11H24N+,,,BH4-,C9H18NO-,,,C6H5NO2,C4H10O2,C3H7NO-dimethyl,,0.015070423693233248,0.015070423693233248,0.045211271079699744,0.015070423693233248,0.045211271079699744,0.015070423693233248,,,1.0,2.0,4.0,
random,random-14-minT-highconc,,mass,179.71800000000002,Sr+2,Ni+2,Be+2,,BF4-,O4S-2,C2H4O2-2,,C2H6O,C4H8O2,,,0.0274544078443158,0.0274544078443158,0.0274544078443158,0.0549088156886316,0.0549088156886316,0.0274544078443158,0.0274544078443158,,1.5,1.0,,
random,random-14-maxT-highconc,,mass,333.10799999999995,Sr+2,Ni+2,Be+2,,BF4-,O4S-2,C2H4O2-2,,C2H6O,C4H8O2,,,0.0274544078443158,0.0274544078443158,0.0274544078443158,0.0549088156886316,0.0549088156886316,0.0274544078443158,0.0274544078443158,,1.5,1.0,,
random,random-14-minT-lowconc,,mass,179.71800000000002,Sr+2,Ni+2,Be+2,,BF4-,O4S-2,C2H4O2-2,,C2H6O,C4H8O2,,,0.012917506022771356,0.012917506022771356,0.012917506022771356,0.025835012045542713,0.025835012045542713,0.012917506022771356,0.012917506022771356,,1.5,1.0,,
random,random-14-maxT-lowconc,,mass,333.10799999999995,Sr+2,Ni+2,Be+2,,BF4-,O4S-2,C2H4O2-2,,C2H6O,C4H8O2,,,0.012917506022771356,0.012917506022771356,0.012917506022771356,0.025835012045542713,0.025835012045542713,0.012917506022771356,0.012917506022771356,,1.5,1.0,,
random,random-15-minT-highconc,,mass,250.425,K+,,,,NO3-,,,,C3H8O,C6H5F,C6H14,C6H4O4,0.09609042745510529,0.09609042745510529,,,0.09609042745510529,,,,4.0,1.0,4.0,3.0
random,random-15-maxT-highconc,,mass,343.0925,K+,,,,NO3-,,,,C3H8O,C6H5F,C6H14,C6H4O4,0.09609042745510529,0.09609042745510529,,,0.09609042745510529,,,,4.0,1.0,4.0,3.0
random,random-15-minT-lowconc,,mass,250.425,K+,,,,NO3-,,,,C3H8O,C6H5F,C6H14,C6H4O4,0.045211271079699744,0.045211271079699744,,,0.045211271079699744,,,,4.0,1.0,4.0,3.0
random,random-15-maxT-lowconc,,mass,343.0925,K+,,,,NO3-,,,,C3H8O,C6H5F,C6H14,C6H4O4,0.045211271079699744,0.045211271079699744,,,0.045211271079699744,,,,4.0,1.0,4.0,3.0
random,random-16-minT-highconc,,mass,239.4,Fe+2,Zr+4,,,C4H6F3O2-,Cl-,O4S-2,,C2H3N,,,,0.0274544078443158,0.0274544078443158,0.0823632235329474,0.0274544078443158,0.0823632235329474,0.0274544078443158,0.0274544078443158,,1.0,,,
random,random-16-maxT-highconc,,mass,337.25,Fe+2,Zr+4,,,C4H6F3O2-,Cl-,O4S-2,,C2H3N,,,,0.0274544078443158,0.0274544078443158,0.0823632235329474,0.0274544078443158,0.0823632235329474,0.0274544078443158,0.0274544078443158,,1.0,,,
random,random-16-minT-lowconc,,mass,239.4,Fe+2,Zr+4,,,C4H6F3O2-,Cl-,O4S-2,,C2H3N,,,,0.012917506022771356,0.012917506022771356,0.03875251806831406,0.012917506022771356,0.03875251806831406,0.012917506022771356,0.012917506022771356,,1.0,,,
random,random-16-maxT-lowconc,,mass,337.25,Fe+2,Zr+4,,,C4H6F3O2-,Cl-,O4S-2,,C2H3N,,,,0.012917506022771356,0.012917506022771356,0.03875251806831406,0.012917506022771356,0.03875251806831406,0.012917506022771356,0.012917506022771356,,1.0,,,
random,random-17-minT-highconc,,mass,316.19,Fe+3,Mg+2,Al+3,Cu+2,CH3O-,C4BO8-,F2O2P-,,CH4O,C2H4Cl2-ethane,CH4N2O,,0.0137272039221579,0.0137272039221579,0.0137272039221579,0.0137272039221579,0.06863601961078951,0.0549088156886316,0.0137272039221579,,2.0,1.0,3.0,
random,random-17-maxT-highconc,,mass,378.47999999999996,Fe+3,Mg+2,Al+3,Cu+2,CH3O-,C4BO8-,F2O2P-,,CH4O,C2H4Cl2-ethane,CH4N2O,,0.0137272039221579,0.0137272039221579,0.0137272039221579,0.0137272039221579,0.06863601961078951,0.0549088156886316,0.0137272039221579,,2.0,1.0,3.0,
random,random-17-minT-lowconc,,mass,316.19,Fe+3,Mg+2,Al+3,Cu+2,CH3O-,C4BO8-,F2O2P-,,CH4O,C2H4Cl2-ethane,CH4N2O,,0.006458753011385678,0.006458753011385678,0.006458753011385678,0.006458753011385678,0.032293765056928395,0.025835012045542713,0.006458753011385678,,2.0,1.0,3.0,
random,random-17-maxT-lowconc,,mass,378.47999999999996,Fe+3,Mg+2,Al+3,Cu+2,CH3O-,C4BO8-,F2O2P-,,CH4O,C2H4Cl2-ethane,CH4N2O,,0.006458753011385678,0.006458753011385678,0.006458753011385678,0.006458753011385678,0.032293765056928395,0.025835012045542713,0.006458753011385678,,2.0,1.0,3.0,
random,random-18-minT-highconc,,mass,226.65300000000002,Zn+2,,,,O4S-2,C9H18NO-,Cl-,,C2H4Br2,C2H6O,CH3NO2,C4H6O3,0.06863601961078951,0.0137272039221579,0.06863601961078951,0.0411816117664737,0.0137272039221579,0.06863601961078951,0.0411816117664737,,2.0,4.0,3.0,1.0
random,random-18-maxT-highconc,,mass,366.092,Zn+2,,,,O4S-2,C9H18NO-,Cl-,,C2H4Br2,C2H6O,CH3NO2,C4H6O3,0.06863601961078951,0.0137272039221579,0.06863601961078951,0.0411816117664737,0.0137272039221579,0.06863601961078951,0.0411816117664737,,2.0,4.0,3.0,1.0
random,random-18-minT-lowconc,,mass,226.65300000000002,Zn+2,,,,O4S-2,C9H18NO-,Cl-,,C2H4Br2,C2H6O,CH3NO2,C4H6O3,0.032293765056928395,0.006458753011385678,0.032293765056928395,0.01937625903415703,0.006458753011385678,0.032293765056928395,0.01937625903415703,,2.0,4.0,3.0,1.0
random,random-18-maxT-lowconc,,mass,366.092,Zn+2,,,,O4S-2,C9H18NO-,Cl-,,C2H4Br2,C2H6O,CH3NO2,C4H6O3,0.032293765056928395,0.006458753011385678,0.032293765056928395,0.01937625903415703,0.006458753011385678,0.032293765056928395,0.01937625903415703,,2.0,4.0,3.0,1.0
random,random-19-minT-highconc,,mass,230.9175,Zn+2,Zr+4,Cr+3,K+,C9H18NO-,CF3O3S-,,,C6H15NO2,C4H8O2S,C6H15N,C3H8O,0.0137272039221579,0.0137272039221579,0.0137272039221579,0.0137272039221579,0.06863601961078951,0.06863601961078951,,,1.3333333333333333,1.3333333333333333,1.0,1.0
random,random-19-maxT-highconc,,mass,417.7828571428571,Zn+2,Zr+4,Cr+3,K+,C9H18NO-,CF3O3S-,,,C6H15NO2,C4H8O2S,C6H15N,C3H8O,0.0137272039221579,0.0137272039221579,0.0137272039221579,0.0137272039221579,0.06863601961078951,0.06863601961078951,,,1.3333333333333333,1.3333333333333333,1.0,1.0
random,random-19-minT-lowconc,,mass,230.9175,Zn+2,Zr+4,Cr+3,K+,C9H18NO-,CF3O3S-,,,C6H15NO2,C4H8O2S,C6H15N,C3H8O,0.006458753011385678,0.006458753011385678,0.006458753011385678,0.006458753011385678,0.032293765056928395,0.032293765056928395,,,1.3333333333333333,1.3333333333333333,1.0,1.0
random,random-19-maxT-lowconc,,mass,417.7828571428571,Zn+2,Zr+4,Cr+3,K+,C9H18NO-,CF3O3S-,,,C6H15NO2,C4H8O2S,C6H15N,C3H8O,0.006458753011385678,0.006458753011385678,0.006458753011385678,0.006458753011385678,0.032293765056928395,0.032293765056928395,,,1.3333333333333333,1.3333333333333333,1.0,1.0
random,random-20-minT-highconc,,mass,300.65,Be+2,,,,OH-,,,,C9H19NO,C4H8O2-dioxane,C6H14O3,,0.06406028497007019,0.12812056994014037,,,0.12812056994014037,,,,3.0,2.0,1.0,
random,random-20-maxT-highconc,,mass,415.7833333333333,Be+2,,,,OH-,,,,C9H19NO,C4H8O2-dioxane,C6H14O3,,0.06406028497007019,0.12812056994014037,,,0.12812056994014037,,,,3.0,2.0,1.0,
random,random-20-minT-lowconc,,mass,300.65,Be+2,,,,OH-,,,,C9H19NO,C4H8O2-dioxane,C6H14O3,,0.030140847386466496,0.06028169477293299,,,0.06028169477293299,,,,3.0,2.0,1.0,
random,random-20-maxT-lowconc,,mass,415.7833333333333,Be+2,,,,OH-,,,,C9H19NO,C4H8O2-dioxane,C6H14O3,,0.030140847386466496,0.06028169477293299,,,0.06028169477293299,,,,3.0,2.0,1.0,
random,random-21-minT-highconc,,mass,294.195,Hg+2,C12H14N2+2,,,AsF6-,,,,C6H5NO2,CHBr3,,,0.03203014248503509,0.03203014248503509,0.12812056994014037,,0.12812056994014037,,,,1.0,1.3333333333333333,,
random,random-21-maxT-highconc,,mass,426.3735714285714,Hg+2,C12H14N2+2,,,AsF6-,,,,C6H5NO2,CHBr3,,,0.03203014248503509,0.03203014248503509,0.12812056994014037,,0.12812056994014037,,,,1.0,1.3333333333333333,,
random,random-21-minT-lowconc,,mass,294.195,Hg+2,C12H14N2+2,,,AsF6-,,,,C6H5NO2,CHBr3,,,0.015070423693233248,0.015070423693233248,0.06028169477293299,,0.06028169477293299,,,,1.0,1.3333333333333333,,
random,random-21-maxT-lowconc,,mass,426.3735714285714,Hg+2,C12H14N2+2,,,AsF6-,,,,C6H5NO2,CHBr3,,,0.015070423693233248,0.015070423693233248,0.06028169477293299,,0.06028169477293299,,,,1.0,1.3333333333333333,,
random,random-22-minT-highconc,,mass,286.65000000000003,V+2,,,,I-,CO3-2,,,C6H15NO2,C6H4O4,,,0.07687234196408424,0.07687234196408424,0.03843617098204212,,0.07687234196408424,0.03843617098204212,,,2.0,1.0,,
random,random-22-maxT-highconc,,mass,405.65,V+2,,,,I-,CO3-2,,,C6H15NO2,C6H4O4,,,0.07687234196408424,0.07687234196408424,0.03843617098204212,,0.07687234196408424,0.03843617098204212,,,2.0,1.0,,
random,random-22-minT-lowconc,,mass,286.65000000000003,V+2,,,,I-,CO3-2,,,C6H15NO2,C6H4O4,,,0.0361690168637598,0.0361690168637598,0.0180845084318799,,0.0361690168637598,0.0180845084318799,,,2.0,1.0,,
random,random-22-maxT-lowconc,,mass,405.65,V+2,,,,I-,CO3-2,,,C6H15NO2,C6H4O4,,,0.0361690168637598,0.0361690168637598,0.0180845084318799,,0.0361690168637598,0.0180845084318799,,,2.0,1.0,,
random,random-23-minT-highconc,,mass,370.20000000000005,C11H24N+,,,,F6P-,CHO3-,,,C3H8O3S,C6H6O2,C4H7N,,0.09609042745510529,0.048045213727552646,0.048045213727552646,,0.048045213727552646,0.048045213727552646,,,2.0,4.0,1.0,
random,random-23-maxT-highconc,,mass,472.96428571428567,C11H24N+,,,,F6P-,CHO3-,,,C3H8O3S,C6H6O2,C4H7N,,0.09609042745510529,0.048045213727552646,0.048045213727552646,,0.048045213727552646,0.048045213727552646,,,2.0,4.0,1.0,
random,random-23-minT-lowconc,,mass,370.20000000000005,C11H24N+,,,,F6P-,CHO3-,,,C3H8O3S,C6H6O2,C4H7N,,0.045211271079699744,0.022605635539849872,0.022605635539849872,,0.022605635539849872,0.022605635539849872,,,2.0,4.0,1.0,
random,random-23-maxT-lowconc,,mass,472.96428571428567,C11H24N+,,,,F6P-,CHO3-,,,C3H8O3S,C6H6O2,C4H7N,,0.045211271079699744,0.022605635539849872,0.022605635539849872,,0.022605635539849872,0.022605635539849872,,,2.0,4.0,1.0,
random,random-24-minT-highconc,,mass,268.61625,C8H18N+,In+3,,,C9H18NO-,AsF6-,BH4-,C4H6F3O2-,C6H15O4P,C2H4Br2,H2O,,0.03203014248503509,0.03203014248503509,0.03203014248503509,0.03203014248503509,0.03203014248503509,0.03203014248503509,0.03203014248503509,0.03203014248503509,1.5,1.5,1.0,
random,random-24-maxT-highconc,,mass,407.075,C8H18N+,In+3,,,C9H18NO-,AsF6-,BH4-,C4H6F3O2-,C6H15O4P,C2H4Br2,H2O,,0.03203014248503509,0.03203014248503509,0.03203014248503509,0.03203014248503509,0.03203014248503509,0.03203014248503509,0.03203014248503509,0.03203014248503509,1.5,1.5,1.0,
random,random-24-minT-lowconc,,mass,268.61625,C8H18N+,In+3,,,C9H18NO-,AsF6-,BH4-,C4H6F3O2-,C6H15O4P,C2H4Br2,H2O,,0.015070423693233248,0.015070423693233248,0.015070423693233248,0.015070423693233248,0.015070423693233248,0.015070423693233248,0.015070423693233248,0.015070423693233248,1.5,1.5,1.0,
random,random-24-maxT-lowconc,,mass,407.075,C8H18N+,In+3,,,C9H18NO-,AsF6-,BH4-,C4H6F3O2-,C6H15O4P,C2H4Br2,H2O,,0.015070423693233248,0.015070423693233248,0.015070423693233248,0.015070423693233248,0.015070423693233248,0.015070423693233248,0.015070423693233248,0.015070423693233248,1.5,1.5,1.0,
random,random-25-minT-highconc,,mass,292.425,Y+3,Na+,,,C6H18NSi2-,C6H2O4-2,C2H3O2-,,C6H6,,,,0.03843617098204212,0.03843617098204212,0.03843617098204212,0.03843617098204212,0.03843617098204212,0.03843617098204212,0.03843617098204212,,1.0,,,
random,random-25-maxT-highconc,,mass,335.34999999999997,Y+3,Na+,,,C6H18NSi2-,C6H2O4-2,C2H3O2-,,C6H6,,,,0.03843617098204212,0.03843617098204212,0.03843617098204212,0.03843617098204212,0.03843617098204212,0.03843617098204212,0.03843617098204212,,1.0,,,
random,random-25-minT-lowconc,,mass,292.425,Y+3,Na+,,,C6H18NSi2-,C6H2O4-2,C2H3O2-,,C6H6,,,,0.0180845084318799,0.0180845084318799,0.0180845084318799,0.0180845084318799,0.0180845084318799,0.0180845084318799,0.0180845084318799,,1.0,,,
random,random-25-maxT-lowconc,,mass,335.34999999999997,Y+3,Na+,,,C6H18NSi2-,C6H2O4-2,C2H3O2-,,C6H6,,,,0.0180845084318799,0.0180845084318799,0.0180845084318799,0.0180845084318799,0.0180845084318799,0.0180845084318799,0.0180845084318799,,1.0,,,
random,random-26-minT-highconc,,mass,222.775,C6H11N2+,Fe+3,Mg+2,,OH-,,,,C2H6O,CHCl3,CCl4,C3H9O4P,0.02135342832335673,0.02135342832335673,0.02135342832335673,0.12812056994014037,0.12812056994014037,,,,3.0,4.0,4.0,1.0
random,random-26-maxT-highconc,,mass,337.13916666666665,C6H11N2+,Fe+3,Mg+2,,OH-,,,,C2H6O,CHCl3,CCl4,C3H9O4P,0.02135342832335673,0.02135342832335673,0.02135342832335673,0.12812056994014037,0.12812056994014037,,,,3.0,4.0,4.0,1.0
random,random-26-minT-lowconc,,mass,222.775,C6H11N2+,Fe+3,Mg+2,,OH-,,,,C2H6O,CHCl3,CCl4,C3H9O4P,0.010046949128822166,0.010046949128822166,0.010046949128822166,0.06028169477293299,0.06028169477293299,,,,3.0,4.0,4.0,1.0
random,random-26-maxT-lowconc,,mass,337.13916666666665,C6H11N2+,Fe+3,Mg+2,,OH-,,,,C2H6O,CHCl3,CCl4,C3H9O4P,0.010046949128822166,0.010046949128822166,0.010046949128822166,0.06028169477293299,0.06028169477293299,,,,3.0,4.0,4.0,1.0
random,random-27-minT-highconc,,mass,255.36000000000004,K+,Pd+2,,,OH-,F-,,,C3H4O3,C3H7NO-methyl,C3H8O,C6H15NO2,0.03843617098204212,0.03843617098204212,0.07687234196408424,0.03843617098204212,0.07687234196408424,0.03843617098204212,,,4.0,1.0,3.0,2.0
random,random-27-maxT-highconc,,mass,423.966,K+,Pd+2,,,OH-,F-,,,C3H4O3,C3H7NO-methyl,C3H8O,C6H15NO2,0.03843617098204212,0.03843617098204212,0.07687234196408424,0.03843617098204212,0.07687234196408424,0.03843617098204212,,,4.0,1.0,3.0,2.0
random,random-27-minT-lowconc,,mass,255.36000000000004,K+,Pd+2,,,OH-,F-,,,C3H4O3,C3H7NO-methyl,C3H8O,C6H15NO2,0.0180845084318799,0.0180845084318799,0.0361690168637598,0.0180845084318799,0.0361690168637598,0.0180845084318799,,,4.0,1.0,3.0,2.0
random,random-27-maxT-lowconc,,mass,423.966,K+,Pd+2,,,OH-,F-,,,C3H4O3,C3H7NO-methyl,C3H8O,C6H15NO2,0.0180845084318799,0.0180845084318799,0.0361690168637598,0.0180845084318799,0.0361690168637598,0.0180845084318799,,,4.0,1.0,3.0,2.0
random,random-28-minT-highconc,,mass,246.75,Cu+2,,,,ClO4-,F6P-,,,C4H5F3O2,,,,0.06406028497007019,0.06406028497007019,0.06406028497007019,,0.06406028497007019,0.06406028497007019,,,1.0,,,
random,random-28-maxT-highconc,,mass,332.5,Cu+2,,,,ClO4-,F6P-,,,C4H5F3O2,,,,0.06406028497007019,0.06406028497007019,0.06406028497007019,,0.06406028497007019,0.06406028497007019,,,1.0,,,
random,random-28-minT-lowconc,,mass,246.75,Cu+2,,,,ClO4-,F6P-,,,C4H5F3O2,,,,0.030140847386466496,0.030140847386466496,0.030140847386466496,,0.030140847386466496,0.030140847386466496,,,1.0,,,
random,random-28-maxT-lowconc,,mass,332.5,Cu+2,,,,ClO4-,F6P-,,,C4H5F3O2,,,,0.030140847386466496,0.030140847386466496,0.030140847386466496,,0.030140847386466496,0.030140847386466496,,,1.0,,,
random,random-29-minT-highconc,,mass,279.825,C5H14NO+,Ba+2,,,ClO4-,BF4-,Cl-,C4BO8-,C3H3FO3,C7H8,C3H9O4P,,0.0549088156886316,0.0274544078443158,0.0274544078443158,0.0274544078443158,0.0274544078443158,0.0274544078443158,0.0274544078443158,0.0274544078443158,3.0,1.0,1.0,
random,random-29-maxT-highconc,,mass,431.68,C5H14NO+,Ba+2,,,ClO4-,BF4-,Cl-,C4BO8-,C3H3FO3,C7H8,C3H9O4P,,0.0549088156886316,0.0274544078443158,0.0274544078443158,0.0274544078443158,0.0274544078443158,0.0274544078443158,0.0274544078443158,0.0274544078443158,3.0,1.0,1.0,
random,random-29-minT-lowconc,,mass,279.825,C5H14NO+,Ba+2,,,ClO4-,BF4-,Cl-,C4BO8-,C3H3FO3,C7H8,C3H9O4P,,0.025835012045542713,0.012917506022771356,0.012917506022771356,0.012917506022771356,0.012917506022771356,0.012917506022771356,0.012917506022771356,0.012917506022771356,3.0,1.0,1.0,
random,random-29-maxT-lowconc,,mass,431.68,C5H14NO+,Ba+2,,,ClO4-,BF4-,Cl-,C4BO8-,C3H3FO3,C7H8,C3H9O4P,,0.025835012045542713,0.012917506022771356,0.012917506022771356,0.012917506022771356,0.012917506022771356,0.012917506022771356,0.012917506022771356,0.012917506022771356,3.0,1.0,1.0,
random,random-30-minT-highconc,,mass,244.02,K+,,,,BH4-,O4P-3,,,C6H15N,C2H5NO,CHCl3,,0.12812056994014037,0.03203014248503509,0.03203014248503509,,0.03203014248503509,0.03203014248503509,,,3.0,2.0,1.0,
random,random-30-maxT-highconc,,mass,381.2983333333333,K+,,,,BH4-,O4P-3,,,C6H15N,C2H5NO,CHCl3,,0.12812056994014037,0.03203014248503509,0.03203014248503509,,0.03203014248503509,0.03203014248503509,,,3.0,2.0,1.0,
random,random-30-minT-lowconc,,mass,244.02,K+,,,,BH4-,O4P-3,,,C6H15N,C2H5NO,CHCl3,,0.06028169477293299,0.015070423693233248,0.015070423693233248,,0.015070423693233248,0.015070423693233248,,,3.0,2.0,1.0,
random,random-30-maxT-lowconc,,mass,381.2983333333333,K+,,,,BH4-,O4P-3,,,C6H15N,C2H5NO,CHCl3,,0.06028169477293299,0.015070423693233248,0.015070423693233248,,0.015070423693233248,0.015070423693233248,,,3.0,2.0,1.0,
random,random-31-minT-highconc,,mass,238.35000000000002,C6H15NO2+,Fe+2,H4N+,Ba+2,O4S-2,I-,C2H4O2-2,,C3H9O4P,,,,0.05338357080839183,0.010676714161678365,0.04270685664671346,0.010676714161678365,0.05338357080839183,0.010676714161678365,0.010676714161678365,,1.0,,,
random,random-31-maxT-highconc,,mass,446.5,C6H15NO2+,Fe+2,H4N+,Ba+2,O4S-2,I-,C2H4O2-2,,C3H9O4P,,,,0.05338357080839183,0.010676714161678365,0.04270685664671346,0.010676714161678365,0.05338357080839183,0.010676714161678365,0.010676714161678365,,1.0,,,
random,random-31-minT-lowconc,,mass,238.35000000000002,C6H15NO2+,Fe+2,H4N+,Ba+2,O4S-2,I-,C2H4O2-2,,C3H9O4P,,,,0.025117372822055416,0.005023474564411083,0.020093898257644332,0.005023474564411083,0.025117372822055416,0.005023474564411083,0.005023474564411083,,1.0,,,
random,random-31-maxT-lowconc,,mass,446.5,C6H15NO2+,Fe+2,H4N+,Ba+2,O4S-2,I-,C2H4O2-2,,C3H9O4P,,,,0.025117372822055416,0.005023474564411083,0.020093898257644332,0.005023474564411083,0.025117372822055416,0.005023474564411083,0.005023474564411083,,1.0,,,
random,random-32-minT-highconc,,mass,348.1609090909092,Ti+,Mg+2,V+2,Zn+2,CH3O-,F-,OH-,C4BO8-,C3H3FO3,C14H8O2,CH4N2O,C2H6O2,0.017470986810019146,0.017470986810019146,0.017470986810019146,0.017470986810019146,0.06988394724007659,0.017470986810019146,0.017470986810019146,0.017470986810019146,4.0,1.0,2.0,4.0
random,random-32-maxT-highconc,,mass,460.49954545454545,Ti+,Mg+2,V+2,Zn+2,CH3O-,F-,OH-,C4BO8-,C3H3FO3,C14H8O2,CH4N2O,C2H6O2,0.017470986810019146,0.017470986810019146,0.017470986810019146,0.017470986810019146,0.06988394724007659,0.017470986810019146,0.017470986810019146,0.017470986810019146,4.0,1.0,2.0,4.0
random,random-32-minT-lowconc,,mass,348.1609090909092,Ti+,Mg+2,V+2,Zn+2,CH3O-,F-,OH-,C4BO8-,C3H3FO3,C14H8O2,CH4N2O,C2H6O2,0.008220231105399954,0.008220231105399954,0.008220231105399954,0.008220231105399954,0.032880924421599816,0.008220231105399954,0.008220231105399954,0.008220231105399954,4.0,1.0,2.0,4.0
random,random-32-maxT-lowconc,,mass,460.49954545454545,Ti+,Mg+2,V+2,Zn+2,CH3O-,F-,OH-,C4BO8-,C3H3FO3,C14H8O2,CH4N2O,C2H6O2,0.008220231105399954,0.008220231105399954,0.008220231105399954,0.008220231105399954,0.032880924421599816,0.008220231105399954,0.008220231105399954,0.008220231105399954,4.0,1.0,2.0,4.0
random,random-33-minT-highconc,,mass,252.20045454545456,Co+2,Ag+2,C5H14NO+,Mg+2,F2NO4S2-,,,,C4H10O2,CCl4,C6H5NO2,CHCl3,0.017470986810019146,0.017470986810019146,0.017470986810019146,0.017470986810019146,0.12229690767013403,,,,1.0,3.0,3.0,4.0
random,random-33-maxT-highconc,,mass,362.3472727272727,Co+2,Ag+2,C5H14NO+,Mg+2,F2NO4S2-,,,,C4H10O2,CCl4,C6H5NO2,CHCl3,0.017470986810019146,0.017470986810019146,0.017470986810019146,0.017470986810019146,0.12229690767013403,,,,1.0,3.0,3.0,4.0
random,random-33-minT-lowconc,,mass,252.20045454545456,Co+2,Ag+2,C5H14NO+,Mg+2,F2NO4S2-,,,,C4H10O2,CCl4,C6H5NO2,CHCl3,0.008220231105399954,0.008220231105399954,0.008220231105399954,0.008220231105399954,0.057541617737799665,,,,1.0,3.0,3.0,4.0
random,random-33-maxT-lowconc,,mass,362.3472727272727,Co+2,Ag+2,C5H14NO+,Mg+2,F2NO4S2-,,,,C4H10O2,CCl4,C6H5NO2,CHCl3,0.008220231105399954,0.008220231105399954,0.008220231105399954,0.008220231105399954,0.057541617737799665,,,,1.0,3.0,3.0,4.0
random,random-34-minT-highconc,,mass,171.60500000000002,C6H15NO2+,C8H18N+,,,C4BO8-,BF4-,OH-,F-,CH2Cl2,C4H10O,,,0.07206782059132898,0.024022606863776323,0.024022606863776323,0.024022606863776323,0.024022606863776323,0.024022606863776323,0.024022606863776323,0.024022606863776323,1.0,2.0,,
random,random-34-maxT-highconc,,mass,293.8033333333333,C6H15NO2+,C8H18N+,,,C4BO8-,BF4-,OH-,F-,CH2Cl2,C4H10O,,,0.07206782059132898,0.024022606863776323,0.024022606863776323,0.024022606863776323,0.024022606863776323,0.024022606863776323,0.024022606863776323,0.024022606863776323,1.0,2.0,,
random,random-34-minT-lowconc,,mass,171.60500000000002,C6H15NO2+,C8H18N+,,,C4BO8-,BF4-,OH-,F-,CH2Cl2,C4H10O,,,0.03390845330977481,0.011302817769924936,0.011302817769924936,0.011302817769924936,0.011302817769924936,0.011302817769924936,0.011302817769924936,0.011302817769924936,1.0,2.0,,
random,random-34-maxT-lowconc,,mass,293.8033333333333,C6H15NO2+,C8H18N+,,,C4BO8-,BF4-,OH-,F-,CH2Cl2,C4H10O,,,0.03390845330977481,0.011302817769924936,0.011302817769924936,0.011302817769924936,0.011302817769924936,0.011302817769924936,0.011302817769924936,0.011302817769924936,1.0,2.0,,
random,random-35-minT-highconc,,mass,337.28333333333336,C16H36P+,,,,NO3-,F-,O4S-2,C2F6NO4S2-,CH4N2O,C2H3N,C2H5NO,,0.10676714161678366,0.02135342832335673,0.02135342832335673,0.02135342832335673,0.02135342832335673,0.02135342832335673,0.02135342832335673,0.02135342832335673,4.0,4.0,1.0,
random,random-35-maxT-highconc,,mass,393.29999999999995,C16H36P+,,,,NO3-,F-,O4S-2,C2F6NO4S2-,CH4N2O,C2H3N,C2H5NO,,0.10676714161678366,0.02135342832335673,0.02135342832335673,0.02135342832335673,0.02135342832335673,0.02135342832335673,0.02135342832335673,0.02135342832335673,4.0,4.0,1.0,
random,random-35-minT-lowconc,,mass,337.28333333333336,C16H36P+,,,,NO3-,F-,O4S-2,C2F6NO4S2-,CH4N2O,C2H3N,C2H5NO,,0.05023474564411083,0.010046949128822166,0.010046949128822166,0.010046949128822166,0.010046949128822166,0.010046949128822166,0.010046949128822166,0.010046949128822166,4.0,4.0,1.0,
random,random-35-maxT-lowconc,,mass,393.29999999999995,C16H36P+,,,,NO3-,F-,O4S-2,C2F6NO4S2-,CH4N2O,C2H3N,C2H5NO,,0.05023474564411083,0.010046949128822166,0.010046949128822166,0.010046949128822166,0.010046949128822166,0.010046949128822166,0.010046949128822166,0.010046949128822166,4.0,4.0,1.0,
random,random-36-minT-highconc,,mass,234.57000000000002,Sr+2,,,,I-,,,,C4H10O2,C6H5F,,,0.06406028497007019,0.12812056994014037,,,0.12812056994014037,,,,1.0,1.5,,
random,random-36-maxT-highconc,,mass,340.09999999999997,Sr+2,,,,I-,,,,C4H10O2,C6H5F,,,0.06406028497007019,0.12812056994014037,,,0.12812056994014037,,,,1.0,1.5,,
random,random-36-minT-lowconc,,mass,234.57000000000002,Sr+2,,,,I-,,,,C4H10O2,C6H5F,,,0.030140847386466496,0.06028169477293299,,,0.06028169477293299,,,,1.0,1.5,,
random,random-36-maxT-lowconc,,mass,340.09999999999997,Sr+2,,,,I-,,,,C4H10O2,C6H5F,,,0.030140847386466496,0.06028169477293299,,,0.06028169477293299,,,,1.0,1.5,,
random,random-37-minT-highconc,,mass,371.2513636363637,C8H20P+,Be+2,Mn+2,OV+2,C3H7O-,I-,C6H2O4-2,BF4-,C3H9O4P,C5H12,C4H8O2-dioxane,C14H8O2,0.01921808549102106,0.01921808549102106,0.01921808549102106,0.01921808549102106,0.05765425647306317,0.01921808549102106,0.01921808549102106,0.01921808549102106,1.0,2.0,4.0,4.0
random,random-37-maxT-highconc,,mass,448.71090909090907,C8H20P+,Be+2,Mn+2,OV+2,C3H7O-,I-,C6H2O4-2,BF4-,C3H9O4P,C5H12,C4H8O2-dioxane,C14H8O2,0.01921808549102106,0.01921808549102106,0.01921808549102106,0.01921808549102106,0.05765425647306317,0.01921808549102106,0.01921808549102106,0.01921808549102106,1.0,2.0,4.0,4.0
random,random-37-minT-lowconc,,mass,371.2513636363637,C8H20P+,Be+2,Mn+2,OV+2,C3H7O-,I-,C6H2O4-2,BF4-,C3H9O4P,C5H12,C4H8O2-dioxane,C14H8O2,0.00904225421593995,0.00904225421593995,0.00904225421593995,0.00904225421593995,0.027126762647819845,0.00904225421593995,0.00904225421593995,0.00904225421593995,1.0,2.0,4.0,4.0
random,random-37-maxT-lowconc,,mass,448.71090909090907,C8H20P+,Be+2,Mn+2,OV+2,C3H7O-,I-,C6H2O4-2,BF4-,C3H9O4P,C5H12,C4H8O2-dioxane,C14H8O2,0.00904225421593995,0.00904225421593995,0.00904225421593995,0.00904225421593995,0.027126762647819845,0.00904225421593995,0.00904225421593995,0.00904225421593995,1.0,2.0,4.0,4.0
random,random-38-minT-highconc,,mass,166.21500000000003,Fe+3,,,,C2H3O2-,C6H18NSi2-,CH3O-,AsF6-,C6H15N,,,,0.048045213727552646,0.07206782059132898,0.024022606863776323,0.024022606863776323,0.07206782059132898,0.024022606863776323,0.024022606863776323,0.024022606863776323,1.0,,,
random,random-38-maxT-highconc,,mass,343.9,Fe+3,,,,C2H3O2-,C6H18NSi2-,CH3O-,AsF6-,C6H15N,,,,0.048045213727552646,0.07206782059132898,0.024022606863776323,0.024022606863776323,0.07206782059132898,0.024022606863776323,0.024022606863776323,0.024022606863776323,1.0,,,
random,random-38-minT-lowconc,,mass,166.21500000000003,Fe+3,,,,C2H3O2-,C6H18NSi2-,CH3O-,AsF6-,C6H15N,,,,0.022605635539849872,0.03390845330977481,0.011302817769924936,0.011302817769924936,0.03390845330977481,0.011302817769924936,0.011302817769924936,0.011302817769924936,1.0,,,
random,random-38-maxT-lowconc,,mass,343.9,Fe+3,,,,C2H3O2-,C6H18NSi2-,CH3O-,AsF6-,C6H15N,,,,0.022605635539849872,0.03390845330977481,0.011302817769924936,0.011302817769924936,0.03390845330977481,0.011302817769924936,0.011302817769924936,0.011302817769924936,1.0,,,
random,random-39-minT-highconc,,mass,222.81000000000003,Ba+2,V+3,,,O4P-3,C2H5O-,,,CHBr3,C6H15N,C4H7N,H2O,0.03843617098204212,0.03843617098204212,0.03843617098204212,0.07687234196408424,0.03843617098204212,0.07687234196408424,,,1.0,3.0,3.0,4.0
random,random-39-maxT-highconc,,mass,360.4386363636363,Ba+2,V+3,,,O4P-3,C2H5O-,,,CHBr3,C6H15N,C4H7N,H2O,0.03843617098204212,0.03843617098204212,0.03843617098204212,0.07687234196408424,0.03843617098204212,0.07687234196408424,,,1.0,3.0,3.0,4.0
random,random-39-minT-lowconc,,mass,222.81000000000003,Ba+2,V+3,,,O4P-3,C2H5O-,,,CHBr3,C6H15N,C4H7N,H2O,0.0180845084318799,0.0180845084318799,0.0180845084318799,0.0361690168637598,0.0180845084318799,0.0361690168637598,,,1.0,3.0,3.0,4.0
random,random-39-maxT-lowconc,,mass,360.4386363636363,Ba+2,V+3,,,O4P-3,C2H5O-,,,CHBr3,C6H15N,C4H7N,H2O,0.0180845084318799,0.0180845084318799,0.0180845084318799,0.0361690168637598,0.0180845084318799,0.0361690168637598,,,1.0,3.0,3.0,4.0
random,random-40-minT-highconc,,mass,413.70000000000005,Cu+,,,,NO3-,O4S-2,F-,,C6H5F,C14H8O2,,,0.1098176313772632,0.0274544078443158,0.0274544078443158,0.0274544078443158,0.0274544078443158,0.0274544078443158,0.0274544078443158,,1.0,1.0,,
random,random-40-maxT-highconc,,mass,480.17749999999995,Cu+,,,,NO3-,O4S-2,F-,,C6H5F,C14H8O2,,,0.1098176313772632,0.0274544078443158,0.0274544078443158,0.0274544078443158,0.0274544078443158,0.0274544078443158,0.0274544078443158,,1.0,1.0,,
random,random-40-minT-lowconc,,mass,413.70000000000005,Cu+,,,,NO3-,O4S-2,F-,,C6H5F,C14H8O2,,,0.051670024091085426,0.012917506022771356,0.012917506022771356,0.012917506022771356,0.012917506022771356,0.012917506022771356,0.012917506022771356,,1.0,1.0,,
random,random-40-maxT-lowconc,,mass,480.17749999999995,Cu+,,,,NO3-,O4S-2,F-,,C6H5F,C14H8O2,,,0.051670024091085426,0.012917506022771356,0.012917506022771356,0.012917506022771356,0.012917506022771356,0.012917506022771356,0.012917506022771356,,1.0,1.0,,
random,random-41-minT-highconc,,mass,267.15000000000003,Sn+2,,,,BF4-,AsF6-,,,C3H8O3S,C2H6O,C4H8O2-dioxane,,0.06406028497007019,0.06406028497007019,0.06406028497007019,,0.06406028497007019,0.06406028497007019,,,4.0,1.0,2.0,
random,random-41-maxT-highconc,,mass,380.94999999999993,Sn+2,,,,BF4-,AsF6-,,,C3H8O3S,C2H6O,C4H8O2-dioxane,,0.06406028497007019,0.06406028497007019,0.06406028497007019,,0.06406028497007019,0.06406028497007019,,,4.0,1.0,2.0,
random,random-41-minT-lowconc,,mass,267.15000000000003,Sn+2,,,,BF4-,AsF6-,,,C3H8O3S,C2H6O,C4H8O2-dioxane,,0.030140847386466496,0.030140847386466496,0.030140847386466496,,0.030140847386466496,0.030140847386466496,,,4.0,1.0,2.0,
random,random-41-maxT-lowconc,,mass,380.94999999999993,Sn+2,,,,BF4-,AsF6-,,,C3H8O3S,C2H6O,C4H8O2-dioxane,,0.030140847386466496,0.030140847386466496,0.030140847386466496,,0.030140847386466496,0.030140847386466496,,,4.0,1.0,2.0,
random,random-42-minT-highconc,,mass,375.0833333333333,Cu+,Na+,C12H14N2+2,Zr+4,F2NO4S2-,Cl-,AsF6-,,C14H8O2,CCl4,C4H8O3,,0.016015071242517546,0.016015071242517546,0.016015071242517546,0.016015071242517546,0.08007535621258774,0.03203014248503509,0.016015071242517546,,1.5,1.0,2.0,
random,random-42-maxT-highconc,,mass,441.02166666666665,Cu+,Na+,C12H14N2+2,Zr+4,F2NO4S2-,Cl-,AsF6-,,C14H8O2,CCl4,C4H8O3,,0.016015071242517546,0.016015071242517546,0.016015071242517546,0.016015071242517546,0.08007535621258774,0.03203014248503509,0.016015071242517546,,1.5,1.0,2.0,
random,random-42-minT-lowconc,,mass,375.0833333333333,Cu+,Na+,C12H14N2+2,Zr+4,F2NO4S2-,Cl-,AsF6-,,C14H8O2,CCl4,C4H8O3,,0.007535211846616624,0.007535211846616624,0.007535211846616624,0.007535211846616624,0.03767605923308313,0.015070423693233248,0.007535211846616624,,1.5,1.0,2.0,
random,random-42-maxT-lowconc,,mass,441.02166666666665,Cu+,Na+,C12H14N2+2,Zr+4,F2NO4S2-,Cl-,AsF6-,,C14H8O2,CCl4,C4H8O3,,0.007535211846616624,0.007535211846616624,0.007535211846616624,0.007535211846616624,0.03767605923308313,0.015070423693233248,0.007535211846616624,,1.5,1.0,2.0,
random,random-43-minT-highconc,,mass,413.175,H4N+,Cr+3,Ni+2,C5H14NO+,F-,C4BO8-,,,C2H3N,C14H8O2,,,0.017470986810019146,0.017470986810019146,0.017470986810019146,0.017470986810019146,0.08735493405009573,0.03494197362003829,,,1.0,1.0,,
random,random-43-maxT-highconc,,mass,478.75249999999994,H4N+,Cr+3,Ni+2,C5H14NO+,F-,C4BO8-,,,C2H3N,C14H8O2,,,0.017470986810019146,0.017470986810019146,0.017470986810019146,0.017470986810019146,0.08735493405009573,0.03494197362003829,,,1.0,1.0,,
random,random-43-minT-lowconc,,mass,413.175,H4N+,Cr+3,Ni+2,C5H14NO+,F-,C4BO8-,,,C2H3N,C14H8O2,,,0.008220231105399954,0.008220231105399954,0.008220231105399954,0.008220231105399954,0.04110115552699977,0.016440462210799908,,,1.0,1.0,,
random,random-43-maxT-lowconc,,mass,478.75249999999994,H4N+,Cr+3,Ni+2,C5H14NO+,F-,C4BO8-,,,C2H3N,C14H8O2,,,0.008220231105399954,0.008220231105399954,0.008220231105399954,0.008220231105399954,0.04110115552699977,0.016440462210799908,,,1.0,1.0,,
random,random-44-minT-highconc,,mass,255.815,Mg+2,C9H20N+pyro,C6H15NO2+,V+2,CH3O-,,,,C4H8O2,C4H8O2-dioxane,C6H4O4,C6H5F,0.01921808549102106,0.01921808549102106,0.01921808549102106,0.01921808549102106,0.11530851294612635,,,,4.0,3.0,1.0,4.0
random,random-44-maxT-highconc,,mass,344.3275,Mg+2,C9H20N+pyro,C6H15NO2+,V+2,CH3O-,,,,C4H8O2,C4H8O2-dioxane,C6H4O4,C6H5F,0.01921808549102106,0.01921808549102106,0.01921808549102106,0.01921808549102106,0.11530851294612635,,,,4.0,3.0,1.0,4.0
random,random-44-minT-lowconc,,mass,255.815,Mg+2,C9H20N+pyro,C6H15NO2+,V+2,CH3O-,,,,C4H8O2,C4H8O2-dioxane,C6H4O4,C6H5F,0.00904225421593995,0.00904225421593995,0.00904225421593995,0.00904225421593995,0.05425352529563969,,,,4.0,3.0,1.0,4.0
random,random-44-maxT-lowconc,,mass,344.3275,Mg+2,C9H20N+pyro,C6H15NO2+,V+2,CH3O-,,,,C4H8O2,C4H8O2-dioxane,C6H4O4,C6H5F,0.00904225421593995,0.00904225421593995,0.00904225421593995,0.00904225421593995,0.05425352529563969,,,,4.0,3.0,1.0,4.0
random,random-45-minT-highconc,,mass,269.598,Ag+2,C8H20NO+,C16H36P+,,CHO3-,C2H3O2-,,,C9H18NO,CH4O,,,0.0274544078443158,0.0274544078443158,0.0274544078443158,0.0823632235329474,0.0823632235329474,0.0274544078443158,,,1.5,1.0,,
random,random-45-maxT-highconc,,mass,393.9459999999999,Ag+2,C8H20NO+,C16H36P+,,CHO3-,C2H3O2-,,,C9H18NO,CH4O,,,0.0274544078443158,0.0274544078443158,0.0274544078443158,0.0823632235329474,0.0823632235329474,0.0274544078443158,,,1.5,1.0,,
random,random-45-minT-lowconc,,mass,269.598,Ag+2,C8H20NO+,C16H36P+,,CHO3-,C2H3O2-,,,C9H18NO,CH4O,,,0.012917506022771356,0.012917506022771356,0.012917506022771356,0.03875251806831406,0.03875251806831406,0.012917506022771356,,,1.5,1.0,,
random,random-45-maxT-lowconc,,mass,393.9459999999999,Ag+2,C8H20NO+,C16H36P+,,CHO3-,C2H3O2-,,,C9H18NO,CH4O,,,0.012917506022771356,0.012917506022771356,0.012917506022771356,0.03875251806831406,0.03875251806831406,0.012917506022771356,,,1.5,1.0,,
random,random-46-minT-highconc,,mass,246.35100000000003,C9H20N+pyro,,,,AsF6-,,,,C6H14,C9H18NO,C4H8O2,,0.09609042745510529,0.09609042745510529,,,0.09609042745510529,,,,1.0,1.3333333333333333,1.0,
random,random-46-maxT-highconc,,mass,374.357,C9H20N+pyro,,,,AsF6-,,,,C6H14,C9H18NO,C4H8O2,,0.09609042745510529,0.09609042745510529,,,0.09609042745510529,,,,1.0,1.3333333333333333,1.0,
random,random-46-minT-lowconc,,mass,246.35100000000003,C9H20N+pyro,,,,AsF6-,,,,C6H14,C9H18NO,C4H8O2,,0.045211271079699744,0.045211271079699744,,,0.045211271079699744,,,,1.0,1.3333333333333333,1.0,
random,random-46-maxT-lowconc,,mass,374.357,C9H20N+pyro,,,,AsF6-,,,,C6H14,C9H18NO,C4H8O2,,0.045211271079699744,0.045211271079699744,,,0.045211271079699744,,,,1.0,1.3333333333333333,1.0,
random,random-47-minT-highconc,,mass,268.59000000000003,Co+2,C4H12N+,,,C2H4O2-2,,,,C3H8O3S,CCl4,,,0.024022606863776323,0.09609042745510529,0.07206782059132898,,0.07206782059132898,,,,1.0,1.5,,
random,random-47-maxT-highconc,,mass,361.589,Co+2,C4H12N+,,,C2H4O2-2,,,,C3H8O3S,CCl4,,,0.024022606863776323,0.09609042745510529,0.07206782059132898,,0.07206782059132898,,,,1.0,1.5,,
random,random-47-minT-lowconc,,mass,268.59000000000003,Co+2,C4H12N+,,,C2H4O2-2,,,,C3H8O3S,CCl4,,,0.011302817769924936,0.045211271079699744,0.03390845330977481,,0.03390845330977481,,,,1.0,1.5,,
random,random-47-maxT-lowconc,,mass,361.589,Co+2,C4H12N+,,,C2H4O2-2,,,,C3H8O3S,CCl4,,,0.011302817769924936,0.045211271079699744,0.03390845330977481,,0.03390845330977481,,,,1.0,1.5,,
random,random-48-minT-highconc,,mass,262.2375,Fe+2,Fe+3,In+3,OV+2,C3H7O-,C2H5O-,,,CHCl3,C4H5F3O2,H2O,,0.0137272039221579,0.0137272039221579,0.0137272039221579,0.0137272039221579,0.06863601961078951,0.06863601961078951,,,1.0,2.0,3.0,
random,random-48-maxT-highconc,,mass,340.92333333333335,Fe+2,Fe+3,In+3,OV+2,C3H7O-,C2H5O-,,,CHCl3,C4H5F3O2,H2O,,0.0137272039221579,0.0137272039221579,0.0137272039221579,0.0137272039221579,0.06863601961078951,0.06863601961078951,,,1.0,2.0,3.0,
random,random-48-minT-lowconc,,mass,262.2375,Fe+2,Fe+3,In+3,OV+2,C3H7O-,C2H5O-,,,CHCl3,C4H5F3O2,H2O,,0.006458753011385678,0.006458753011385678,0.006458753011385678,0.006458753011385678,0.032293765056928395,0.032293765056928395,,,1.0,2.0,3.0,
random,random-48-maxT-lowconc,,mass,340.92333333333335,Fe+2,Fe+3,In+3,OV+2,C3H7O-,C2H5O-,,,CHCl3,C4H5F3O2,H2O,,0.006458753011385678,0.006458753011385678,0.006458753011385678,0.006458753011385678,0.032293765056928395,0.032293765056928395,,,1.0,2.0,3.0,
random,random-49-minT-highconc,,mass,246.75,C3H8NO+,C8H18N+,,,F2O2P-,C6H18NSi2-,C2H3O2-,,C4H5F3O2,,,,0.06406028497007019,0.03203014248503509,0.03203014248503509,0.03203014248503509,0.03203014248503509,0.03203014248503509,0.03203014248503509,,1.0,,,
random,random-49-maxT-highconc,,mass,332.5,C3H8NO+,C8H18N+,,,F2O2P-,C6H18NSi2-,C2H3O2-,,C4H5F3O2,,,,0.06406028497007019,0.03203014248503509,0.03203014248503509,0.03203014248503509,0.03203014248503509,0.03203014248503509,0.03203014248503509,,1.0,,,
random,random-49-minT-lowconc,,mass,246.75,C3H8NO+,C8H18N+,,,F2O2P-,C6H18NSi2-,C2H3O2-,,C4H5F3O2,,,,0.030140847386466496,0.015070423693233248,0.015070423693233248,0.015070423693233248,0.015070423693233248,0.015070423693233248,0.015070423693233248,,1.0,,,
random,random-49-maxT-lowconc,,mass,332.5,C3H8NO+,C8H18N+,,,F2O2P-,C6H18NSi2-,C2H3O2-,,C4H5F3O2,,,,0.030140847386466496,0.015070423693233248,0.015070423693233248,0.015070423693233248,0.015070423693233248,0.015070423693233248,0.015070423693233248,,1.0,,,
random,random-50-minT-highconc,,mass,407.40000000000003,Be+2,C9H20N+pyro,C9H18NO+,,C6H18NSi2-,BH4-,,,C6H4O2,,,,0.0274544078443158,0.0274544078443158,0.0274544078443158,0.0823632235329474,0.0823632235329474,0.0274544078443158,,,1.0,,,
random,random-50-maxT-highconc,,mass,539.6,Be+2,C9H20N+pyro,C9H18NO+,,C6H18NSi2-,BH4-,,,C6H4O2,,,,0.0274544078443158,0.0274544078443158,0.0274544078443158,0.0823632235329474,0.0823632235329474,0.0274544078443158,,,1.0,,,
random,random-50-minT-lowconc,,mass,407.40000000000003,Be+2,C9H20N+pyro,C9H18NO+,,C6H18NSi2-,BH4-,,,C6H4O2,,,,0.012917506022771356,0.012917506022771356,0.012917506022771356,0.03875251806831406,0.03875251806831406,0.012917506022771356,,,1.0,,,
random,random-50-maxT-lowconc,,mass,539.6,Be+2,C9H20N+pyro,C9H18NO+,,C6H18NSi2-,BH4-,,,C6H4O2,,,,0.012917506022771356,0.012917506022771356,0.012917506022771356,0.03875251806831406,0.03875251806831406,0.012917506022771356,,,1.0,,,
